{
    "accuracy": [
        0.7077142596244812,
        0.7605714201927185,
        0.7752857208251953,
        0.788428544998169,
        0.7938571572303772,
        0.7997142672538757,
        0.8042857050895691,
        0.8014285564422607,
        0.8128571510314941,
        0.8167142868041992,
        0.8141428828239441,
        0.8138571381568909,
        0.8217142820358276,
        0.8288571238517761,
        0.8308571577072144,
        0.826714277267456,
        0.8320000171661377,
        0.840571403503418,
        0.8374285697937012,
        0.834857165813446,
        0.842285692691803,
        0.8437142968177795,
        0.8500000238418579,
        0.8547142744064331,
        0.847000002861023,
        0.8514285683631897,
        0.8558571338653564,
        0.8477143049240112,
        0.8562856912612915,
        0.8575714230537415,
        0.8610000014305115,
        0.8581428527832031,
        0.8557142615318298,
        0.8618571162223816,
        0.8602856993675232,
        0.8657143115997314,
        0.8652856945991516,
        0.8654285669326782,
        0.871999979019165,
        0.8718571662902832,
        0.8677142858505249,
        0.866428554058075,
        0.8728571534156799,
        0.8717142939567566,
        0.87628573179245,
        0.8727142810821533,
        0.8754285573959351,
        0.8740000128746033,
        0.8785714507102966,
        0.8811428546905518,
        0.8765714168548584,
        0.875,
        0.876714289188385,
        0.8848571181297302,
        0.8752856850624084,
        0.8827142715454102,
        0.87971431016922,
        0.8825713992118835,
        0.8825713992118835,
        0.8778571486473083,
        0.8834285736083984
    ],
    "loss": [
        0.5745625495910645,
        0.4949187934398651,
        0.47396019101142883,
        0.4511018395423889,
        0.44078540802001953,
        0.42832010984420776,
        0.42145290970802307,
        0.4248194098472595,
        0.40611666440963745,
        0.4017675817012787,
        0.3979242444038391,
        0.39410117268562317,
        0.38560253381729126,
        0.38424596190452576,
        0.37729862332344055,
        0.3781695067882538,
        0.3695402145385742,
        0.3690257966518402,
        0.3556297719478607,
        0.3645017445087433,
        0.35764673352241516,
        0.35552361607551575,
        0.3442137837409973,
        0.33760324120521545,
        0.33904948830604553,
        0.3349734842777252,
        0.33261314034461975,
        0.33646655082702637,
        0.332028865814209,
        0.3199012279510498,
        0.31399229168891907,
        0.3166743218898773,
        0.3175221383571625,
        0.3140607178211212,
        0.31617411971092224,
        0.31508728861808777,
        0.3154959976673126,
        0.30796313285827637,
        0.3093813359737396,
        0.29435834288597107,
        0.3069060146808624,
        0.30174246430397034,
        0.2999004125595093,
        0.30020880699157715,
        0.2915186882019043,
        0.2979411482810974,
        0.28833597898483276,
        0.2913740277290344,
        0.2872769832611084,
        0.27897414565086365,
        0.28604090213775635,
        0.289073646068573,
        0.2795274257659912,
        0.2752268314361572,
        0.2777620255947113,
        0.2775622010231018,
        0.28120094537734985,
        0.274059534072876,
        0.2814740240573883,
        0.2779909670352936,
        0.27328237891197205
    ],
    "val_accuracy": [
        0.7379999756813049,
        0.7739999890327454,
        0.7893333435058594,
        0.7806666493415833,
        0.7833333611488342,
        0.8166666626930237,
        0.7803333401679993,
        0.82833331823349,
        0.8363333344459534,
        0.8166666626930237,
        0.8090000152587891,
        0.8133333325386047,
        0.8013333082199097,
        0.8103333115577698,
        0.8253333568572998,
        0.8320000171661377,
        0.8330000042915344,
        0.8566666841506958,
        0.8233333230018616,
        0.8163333535194397,
        0.8423333168029785,
        0.8226666450500488,
        0.8376666903495789,
        0.8579999804496765,
        0.859666645526886,
        0.8633333444595337,
        0.8543333411216736,
        0.8320000171661377,
        0.8550000190734863,
        0.8296666741371155,
        0.8410000205039978,
        0.8429999947547913,
        0.8736666440963745,
        0.8316666483879089,
        0.8453333377838135,
        0.8773333430290222,
        0.856333315372467,
        0.8763333559036255,
        0.8546666502952576,
        0.8629999756813049,
        0.8696666955947876,
        0.8450000286102295,
        0.8569999933242798,
        0.8489999771118164,
        0.8489999771118164,
        0.8656666874885559,
        0.8586666584014893,
        0.8693333268165588,
        0.8666666746139526,
        0.8656666874885559,
        0.8763333559036255,
        0.8600000143051147,
        0.8556666374206543,
        0.8610000014305115,
        0.862666666507721,
        0.8690000176429749,
        0.8763333559036255,
        0.8806666731834412,
        0.8696666955947876,
        0.8323333263397217,
        0.8393333554267883
    ],
    "val_loss": [
        0.5282109975814819,
        0.477935791015625,
        0.45143842697143555,
        0.46445223689079285,
        0.4572734832763672,
        0.41197842359542847,
        0.46097514033317566,
        0.3909643590450287,
        0.38402777910232544,
        0.4040544331073761,
        0.42247769236564636,
        0.41240161657333374,
        0.4291776120662689,
        0.4100375175476074,
        0.3889807462692261,
        0.38043221831321716,
        0.37188294529914856,
        0.3417758345603943,
        0.38794711232185364,
        0.40482792258262634,
        0.3597649037837982,
        0.3890789747238159,
        0.3699425756931305,
        0.3357384204864502,
        0.325482040643692,
        0.3171103894710541,
        0.33724814653396606,
        0.37017959356307983,
        0.33351168036460876,
        0.3821205198764801,
        0.3585605025291443,
        0.3552047610282898,
        0.3036681115627289,
        0.38089990615844727,
        0.3550567328929901,
        0.3015979826450348,
        0.3310348391532898,
        0.29564741253852844,
        0.33182165026664734,
        0.3187585175037384,
        0.3030402958393097,
        0.36186861991882324,
        0.3284170627593994,
        0.3476687967777252,
        0.35300639271736145,
        0.3177991211414337,
        0.3222031593322754,
        0.3068864643573761,
        0.31219106912612915,
        0.3065625727176666,
        0.2927243709564209,
        0.3277323842048645,
        0.3305826187133789,
        0.3218482732772827,
        0.3299201428890228,
        0.3090580701828003,
        0.2902771532535553,
        0.28408604860305786,
        0.306090772151947,
        0.3809719383716583,
        0.3689538836479187
    ]
}