{
    "accuracy": [
        0.4976857006549835,
        0.6698571443557739,
        0.7539142966270447,
        0.8114857077598572,
        0.8590571284294128
    ],
    "loss": [
        1.4972440004348755,
        0.9384316802024841,
        0.7025189995765686,
        0.5418961048126221,
        0.4101443290710449
    ],
    "val_accuracy": [
        0.15559999644756317,
        0.20526666939258575,
        0.4311999976634979,
        0.6546666622161865,
        0.717199981212616
    ],
    "val_loss": [
        3.177983283996582,
        3.4392337799072266,
        1.8574343919754028,
        1.0529215335845947,
        0.8735406398773193
    ]
}