{
    "accuracy": [
        0.240371435880661,
        0.39557144045829773,
        0.48011428117752075,
        0.5404000282287598,
        0.5849714279174805,
        0.629885733127594,
        0.6730856895446777,
        0.7069428563117981,
        0.7442571520805359,
        0.7789142727851868,
        0.8084571361541748,
        0.8399999737739563,
        0.870199978351593,
        0.8979714512825012,
        0.9183714389801025,
        0.9359428286552429,
        0.9501143097877502,
        0.9550571441650391,
        0.9608285427093506,
        0.967114269733429,
        0.9713428616523743,
        0.974142849445343,
        0.9751428365707397,
        0.977400004863739,
        0.9781143069267273,
        0.979200005531311,
        0.9787428379058838,
        0.9812856912612915,
        0.9821714162826538,
        0.9835143089294434,
        0.9810571670532227
    ],
    "loss": [
        2.0810606479644775,
        1.674120545387268,
        1.4590964317321777,
        1.2926896810531616,
        1.1670877933502197,
        1.0405910015106201,
        0.9296172261238098,
        0.8317319750785828,
        0.7339299917221069,
        0.638725757598877,
        0.5451844334602356,
        0.4556580185890198,
        0.37135690450668335,
        0.2952849268913269,
        0.2384803295135498,
        0.1871914267539978,
        0.14874379336833954,
        0.14130668342113495,
        0.11538851261138916,
        0.09956488758325577,
        0.08648938685655594,
        0.08817019313573837,
        0.0754573792219162,
        0.07397881895303726,
        0.07670050859451294,
        0.0637865662574768,
        0.06481236964464188,
        0.05665123835206032,
        0.05706081911921501,
        0.05709715187549591,
        0.06276848167181015
    ],
    "val_accuracy": [
        0.3617333471775055,
        0.4214000105857849,
        0.4785333275794983,
        0.5506666898727417,
        0.5856666564941406,
        0.5916000008583069,
        0.6460666656494141,
        0.6471999883651733,
        0.6758666634559631,
        0.6729333400726318,
        0.6999333500862122,
        0.6883333325386047,
        0.7083333134651184,
        0.6824666857719421,
        0.6423333287239075,
        0.6995999813079834,
        0.7089999914169312,
        0.7116000056266785,
        0.680733323097229,
        0.6983333230018616,
        0.7071333527565002,
        0.7207333445549011,
        0.708733320236206,
        0.7160666584968567,
        0.6991999745368958,
        0.6848000288009644,
        0.6962000131607056,
        0.7070666551589966,
        0.7195333242416382,
        0.7220666408538818,
        0.6890000104904175
    ],
    "val_loss": [
        1.7626534700393677,
        1.6184439659118652,
        1.455912470817566,
        1.233957290649414,
        1.1813136339187622,
        1.1786770820617676,
        1.0401084423065186,
        1.0204644203186035,
        0.9468542337417603,
        1.0027587413787842,
        0.926986575126648,
        1.0440682172775269,
        1.0302165746688843,
        1.3672776222229004,
        1.551017165184021,
        1.4298831224441528,
        1.606956124305725,
        1.6324342489242554,
        1.7677489519119263,
        1.7867846488952637,
        1.684182047843933,
        1.900625228881836,
        1.9288320541381836,
        1.996889352798462,
        2.1442971229553223,
        2.3949568271636963,
        2.2847015857696533,
        2.276221513748169,
        2.154289722442627,
        2.411144256591797,
        2.209873914718628
    ]
}