{
    "accuracy": [
        0.5021714568138123,
        0.6704000234603882,
        0.755314290523529,
        0.8124285936355591,
        0.8592285513877869,
        0.8981999754905701,
        0.9297999739646912,
        0.9502000212669373,
        0.9637143015861511,
        0.9694857001304626,
        0.9753714203834534,
        0.977400004863739,
        0.9785428643226624,
        0.9810285568237305,
        0.9820285439491272,
        0.9833999872207642,
        0.9839714169502258,
        0.985885739326477,
        0.9867143034934998,
        0.9870571494102478,
        0.9886285662651062,
        0.9896000027656555,
        0.9889714121818542,
        0.9901999831199646,
        0.9911714196205139,
        0.9913142919540405,
        0.9913428425788879,
        0.9908571243286133,
        0.9916285872459412,
        0.9919714331626892,
        0.9920856952667236
    ],
    "loss": [
        1.481034755706787,
        0.9331929087638855,
        0.7000775933265686,
        0.5362197160720825,
        0.40964630246162415,
        0.3008914291858673,
        0.2097635716199875,
        0.15467491745948792,
        0.11357101798057556,
        0.09387892484664917,
        0.07684377580881119,
        0.06955786049365997,
        0.06275485455989838,
        0.0574636347591877,
        0.05420580506324768,
        0.04959564283490181,
        0.04696669057011604,
        0.042510852217674255,
        0.040208421647548676,
        0.037772275507450104,
        0.03460047394037247,
        0.031124424189329147,
        0.032826945185661316,
        0.0289367213845253,
        0.027194397523999214,
        0.028138844296336174,
        0.02714642696082592,
        0.02752457559108734,
        0.024425175040960312,
        0.025005701929330826,
        0.023298896849155426
    ],
    "val_accuracy": [
        0.10186666995286942,
        0.204066663980484,
        0.40400001406669617,
        0.6766666769981384,
        0.7209333181381226,
        0.7208666801452637,
        0.7383333444595337,
        0.7426666617393494,
        0.740066647529602,
        0.7474666833877563,
        0.746999979019165,
        0.7509999871253967,
        0.7394000291824341,
        0.7582666873931885,
        0.7320666909217834,
        0.753333330154419,
        0.7599999904632568,
        0.7538666725158691,
        0.7440000176429749,
        0.7598000168800354,
        0.7360000014305115,
        0.7681333422660828,
        0.7656000256538391,
        0.7636666893959045,
        0.7380666732788086,
        0.7335333228111267,
        0.7601333260536194,
        0.7588666677474976,
        0.7586666941642761,
        0.7558000087738037,
        0.7468666434288025
    ],
    "val_loss": [
        3.501681327819824,
        3.9121618270874023,
        1.950689673423767,
        0.932340145111084,
        0.8454163670539856,
        0.9318857192993164,
        0.901014506816864,
        0.9359402060508728,
        1.005592942237854,
        1.0583722591400146,
        1.1643097400665283,
        1.0821377038955688,
        1.1357325315475464,
        1.117611050605774,
        1.2602754831314087,
        1.2749346494674683,
        1.1997621059417725,
        1.3211146593093872,
        1.289745569229126,
        1.2545653581619263,
        1.3892686367034912,
        1.2798771858215332,
        1.2744144201278687,
        1.3728551864624023,
        1.518415093421936,
        1.5084704160690308,
        1.3902519941329956,
        1.4446240663528442,
        1.3261922597885132,
        1.3570221662521362,
        1.5920772552490234
    ]
}