{
    "accuracy": [
        0.5104285478591919,
        0.5378571152687073,
        0.5812857151031494,
        0.6098571419715881,
        0.6392857432365417,
        0.6657142639160156,
        0.6781428456306458,
        0.6992856860160828,
        0.7162857055664062,
        0.7312856912612915,
        0.7347142696380615,
        0.7582857012748718,
        0.7651428580284119,
        0.7798571586608887,
        0.781000018119812,
        0.7912856936454773,
        0.8077142834663391,
        0.8169999718666077,
        0.8341428637504578,
        0.8367142677307129,
        0.8518571257591248,
        0.8708571195602417,
        0.878000020980835,
        0.8841428756713867,
        0.9004285931587219,
        0.9004285931587219,
        0.9255714416503906,
        0.9304285645484924,
        0.9527142643928528,
        0.9620000123977661,
        0.9592857360839844
    ],
    "loss": [
        0.6921713352203369,
        0.690149188041687,
        0.6781469583511353,
        0.6555851697921753,
        0.6362292766571045,
        0.6119564771652222,
        0.5986201167106628,
        0.5724447965621948,
        0.5491413474082947,
        0.5306581854820251,
        0.5203419327735901,
        0.4922764003276825,
        0.4797185957431793,
        0.46157413721084595,
        0.4482804536819458,
        0.4374507665634155,
        0.4084835350513458,
        0.39773377776145935,
        0.3672826588153839,
        0.35845112800598145,
        0.3295658528804779,
        0.3020455837249756,
        0.2830720543861389,
        0.2640203833580017,
        0.23812058568000793,
        0.23636792600154877,
        0.18670211732387543,
        0.17154350876808167,
        0.12909600138664246,
        0.10675538331270218,
        0.10745935142040253
    ],
    "val_accuracy": [
        0.5270000100135803,
        0.5910000205039978,
        0.609000027179718,
        0.6116666793823242,
        0.6496666669845581,
        0.6516666412353516,
        0.6639999747276306,
        0.703000009059906,
        0.7110000252723694,
        0.7080000042915344,
        0.7300000190734863,
        0.6676666736602783,
        0.706333339214325,
        0.7400000095367432,
        0.7446666955947876,
        0.7193333506584167,
        0.7480000257492065,
        0.7636666893959045,
        0.7680000066757202,
        0.7716666460037231,
        0.7423333525657654,
        0.731333315372467,
        0.7223333120346069,
        0.7423333525657654,
        0.7646666765213013,
        0.7753333449363708,
        0.7796666622161865,
        0.762333333492279,
        0.7483333349227905,
        0.7509999871253967,
        0.7086666822433472
    ],
    "val_loss": [
        0.6890417337417603,
        0.6833341717720032,
        0.6660937070846558,
        0.6648539900779724,
        0.6552879810333252,
        0.6283237338066101,
        0.6116567254066467,
        0.5635693073272705,
        0.5728851556777954,
        0.557573676109314,
        0.5428240299224854,
        0.5963302254676819,
        0.5771058797836304,
        0.5792211294174194,
        0.5199231505393982,
        0.5660317540168762,
        0.5083657503128052,
        0.4943385422229767,
        0.5243324637413025,
        0.5327346324920654,
        0.5515537858009338,
        0.5535153746604919,
        0.712875485420227,
        0.6180108785629272,
        0.6028076410293579,
        0.5343345403671265,
        0.5542895197868347,
        0.6058509945869446,
        0.616829514503479,
        0.7795273661613464,
        1.2950562238693237
    ]
}