{
    "accuracy": [
        0.19602857530117035,
        0.3434857130050659,
        0.4084571301937103,
        0.4620857238769531,
        0.5057428479194641,
        0.5470571517944336,
        0.573371410369873,
        0.6051714420318604,
        0.6277714371681213,
        0.6472571492195129,
        0.6609428524971008,
        0.6769428849220276,
        0.6949142813682556,
        0.7057714462280273,
        0.7203999757766724,
        0.7313714027404785,
        0.7378857135772705,
        0.7498571276664734,
        0.7617428302764893,
        0.7633428573608398,
        0.7759714126586914,
        0.7798285484313965,
        0.7838000059127808,
        0.7882571220397949,
        0.8003714084625244,
        0.8062571287155151,
        0.8073999881744385,
        0.8117428421974182,
        0.8201714158058167,
        0.8223714232444763,
        0.8265714049339294
    ],
    "loss": [
        2.1589038372039795,
        1.7965048551559448,
        1.6111737489700317,
        1.4828176498413086,
        1.3680046796798706,
        1.2723701000213623,
        1.1905518770217896,
        1.115300178527832,
        1.0567463636398315,
        0.9931135177612305,
        0.9515648484230042,
        0.9137438535690308,
        0.8662763833999634,
        0.8321698307991028,
        0.7969643473625183,
        0.7590275406837463,
        0.739816427230835,
        0.7177019715309143,
        0.6791990399360657,
        0.6660583019256592,
        0.6376656889915466,
        0.6239542365074158,
        0.6058706045150757,
        0.5972091555595398,
        0.5672799348831177,
        0.5500572919845581,
        0.5457610487937927,
        0.528202474117279,
        0.5144791603088379,
        0.5026187300682068,
        0.49312499165534973
    ],
    "val_accuracy": [
        0.35333332419395447,
        0.29793334007263184,
        0.4483333230018616,
        0.5055333375930786,
        0.4618000090122223,
        0.5570666790008545,
        0.6272666454315186,
        0.6521999835968018,
        0.6305333375930786,
        0.6539999842643738,
        0.6814000010490417,
        0.6846666932106018,
        0.7034000158309937,
        0.7048666477203369,
        0.7201333045959473,
        0.6961333155632019,
        0.7417333126068115,
        0.73826664686203,
        0.7369333505630493,
        0.7571333050727844,
        0.7405333518981934,
        0.7706666588783264,
        0.7645333409309387,
        0.7742666602134705,
        0.7805333137512207,
        0.7348666787147522,
        0.7867333292961121,
        0.7736666798591614,
        0.7781333327293396,
        0.7895333170890808,
        0.7861999869346619
    ],
    "val_loss": [
        1.7939199209213257,
        1.8715229034423828,
        1.5143691301345825,
        1.3592113256454468,
        1.528408408164978,
        1.2400758266448975,
        1.0477420091629028,
        0.9883325695991516,
        1.0455882549285889,
        0.9980495572090149,
        0.9120422005653381,
        0.9052273035049438,
        0.8482602834701538,
        0.8548614978790283,
        0.7973506450653076,
        0.8832971453666687,
        0.7495772838592529,
        0.7587828040122986,
        0.7687868475914001,
        0.7016024589538574,
        0.7536396384239197,
        0.6691179871559143,
        0.6864742040634155,
        0.6525260806083679,
        0.6373616456985474,
        0.7971690893173218,
        0.6388198733329773,
        0.6673798561096191,
        0.6614091992378235,
        0.6186107993125916,
        0.6344282627105713
    ]
}