{
    "loss": [
        0.2676506042480469,
        0.16384781897068024,
        0.13811208307743073,
        0.12323535233736038,
        0.11304250359535217,
        0.10596512258052826,
        0.10090335458517075,
        0.09712059795856476,
        0.09440212696790695,
        0.09259308874607086,
        0.09143920987844467,
        0.09071061760187149,
        0.09023065119981766,
        0.08989516645669937,
        0.0896320641040802,
        0.08941662311553955,
        0.08924819529056549,
        0.08913420885801315,
        0.089019775390625,
        0.08892681449651718,
        0.08883769810199738,
        0.08875950425863266,
        0.08871743828058243,
        0.08866187930107117,
        0.08860693871974945
    ],
    "val_loss": [
        0.18176086246967316,
        0.1465577632188797,
        0.12804949283599854,
        0.11594642698764801,
        0.10763642936944962,
        0.10172285884618759,
        0.09750162065029144,
        0.09433630108833313,
        0.09208010882139206,
        0.09061797708272934,
        0.08982488512992859,
        0.08920066803693771,
        0.08886933326721191,
        0.08866911381483078,
        0.08827422559261322,
        0.08811455965042114,
        0.08785607665777206,
        0.08786430954933167,
        0.08775251358747482,
        0.08768005669116974,
        0.08767087757587433,
        0.08749397844076157,
        0.08750937134027481,
        0.08751119673252106,
        0.0874130129814148
    ]
}