{
    "loss": [
        0.03161934018135071,
        0.000680013035889715,
        0.0004598523664753884,
        0.00038143497658893466,
        0.00033545366022735834,
        0.00030137578141875565,
        0.00027473439695313573,
        0.00024998662411235273,
        0.00023426291591022164,
        0.0002204004704253748
    ],
    "val_loss": [
        0.0010011711856350303,
        0.0005135227111168206,
        0.00040651741437613964,
        0.00035601016134023666,
        0.0003397642576601356,
        0.0002769986167550087,
        0.0002481350675225258,
        0.00023466668790206313,
        0.00021990823734086007,
        0.00020556886738631874
    ]
}